ID,title,author,dimension_ref,feature,details_document,outcome,dimension,area
S668,Identifying Bid Leakage In Procurement Auctions: Machine Learning Approach,"DI Ivanov, AS Nesterov",-,If the participant bid after the other participants,,Leaking Bids,Profile of Participation in Bids and Contracts,Classification
S668,Identifying Bid Leakage In Procurement Auctions: Machine Learning Approach,"DI Ivanov, AS Nesterov",-,If the participant was at auctions with this buyer before,,Leaking Bids,Profile of Participation in Bids and Contracts,Classification
S668,Identifying Bid Leakage In Procurement Auctions: Machine Learning Approach,"DI Ivanov, AS Nesterov",-,Minutes from the moment bid is made to deadline,,Leaking Bids,Profile of Participation in Bids and Contracts,Classification
S668,Identifying Bid Leakage In Procurement Auctions: Machine Learning Approach,"DI Ivanov, AS Nesterov",-,Difference with bid of succeeding place,,Leaking Bids,Profile of Participation in Bids and Contracts,Classification
S668,Identifying Bid Leakage In Procurement Auctions: Machine Learning Approach,"DI Ivanov, AS Nesterov",-,Number of participants in auction ,,Leaking Bids,Bidding or Contractual Properties,Classification
S668,Identifying Bid Leakage In Procurement Auctions: Machine Learning Approach,"DI Ivanov, AS Nesterov",-,Difference in minutes with bid timing of previous minimal bid,,Leaking Bids,Profile of Participation in Bids and Contracts,Classification
S780,Prediction of public procurement corruption indices using machine learning methods,"Rabuzin, K., Modrušan, N.",-,Text from tender documentation,,Fraud or Corruption Detection,Bidding or Contractual Properties,NLP and Classification
S1568,"Proposta de modelo de classificação do risco de
contratos públicos","Sales, L. J. C.",-,Total amount donated in election campaigns,,Risk of the Supplier Presenting Contractual Problems,Political Activity,Classification
S1568,"Proposta de modelo de classificação do risco de
contratos públicos","Sales, L. J. C.",-,Total amount donated to electoral campaigns,,Risk of Contractual Failure,Political Activity,Classification
S1568,"Proposta de modelo de classificação do risco de
contratos públicos","Sales, L. J. C.",-,Total value of winning bids with alerts issued by the CGU,,Risk of the Supplier Presenting Contractual Problems,Company Attributes,Classification
S1568,"Proposta de modelo de classificação do risco de
contratos públicos","Sales, L. J. C.",-,Total value of winning bids with alerts issued by the CGU,,Risk of Contractual Failure,Company Attributes,Classification
S1568,"Proposta de modelo de classificação do risco de
contratos públicos","Sales, L. J. C.",-,Total number of winning bids with alerts issued by the CGU,,Risk of the Supplier Presenting Contractual Problems,Company Attributes,Classification
S1568,"Proposta de modelo de classificação do risco de
contratos públicos","Sales, L. J. C.",-,Total number of winning bids with alerts issued by the CGU,,Risk of Contractual Failure,Company Attributes,Classification
S1568,"Proposta de modelo de classificação do risco de
contratos públicos","Sales, L. J. C.",-,Number of company punishments,,Risk of the Supplier Presenting Contractual Problems,Company Attributes,Classification
S1568,"Proposta de modelo de classificação do risco de
contratos públicos","Sales, L. J. C.",-,Number of members who hold government functions,,Risk of the Supplier Presenting Contractual Problems,Political Activity,Classification
S1568,"Proposta de modelo de classificação do risco de
contratos públicos","Sales, L. J. C.",-,Number of employees occupying government functions,,Risk of the Supplier Presenting Contractual Problems,Political Activity,Classification
S1568,"Proposta de modelo de classificação do risco de
contratos públicos","Sales, L. J. C.",-,Average number of members,,Risk of Contractual Failure,Company Attributes,Classification
S1568,"Proposta de modelo de classificação do risco de
contratos públicos","Sales, L. J. C.",-,Average number of members,,Risk of the Supplier Presenting Contractual Problems,Company Attributes,Classification
S1568,"Proposta de modelo de classificação do risco de
contratos públicos","Sales, L. J. C.",-,Number of members,,Risk of Contractual Failure,Company Attributes,Classification
S1568,"Proposta de modelo de classificação do risco de
contratos públicos","Sales, L. J. C.",-,Number of members,,Risk of the Supplier Presenting Contractual Problems,Company Attributes,Classification
S1568,"Proposta de modelo de classificação do risco de
contratos públicos","Sales, L. J. C.",-,Number of activities registered by the company,,Risk of Contractual Failure,Company Attributes,Classification
S1568,"Proposta de modelo de classificação do risco de
contratos públicos","Sales, L. J. C.",-,Number of activities registered by the company,,Risk of the Supplier Presenting Contractual Problems,Company Attributes,Classification
S1568,"Proposta de modelo de classificação do risco de
contratos públicos","Sales, L. J. C.",-,Values ​​received from the government per partner,,Risk of Contractual Failure,Company Attributes,Classification
S1568,"Proposta de modelo de classificação do risco de
contratos públicos","Sales, L. J. C.",-,Values ​​received from the government per partner,,Risk of the Supplier Presenting Contractual Problems,Company Attributes,Classification
S1568,"Proposta de modelo de classificação do risco de
contratos públicos","Sales, L. J. C.",-,Total amount received by the company,,Risk of Contractual Failure,Company Attributes,Classification
S1568,"Proposta de modelo de classificação do risco de
contratos públicos","Sales, L. J. C.",-,Total amount received by the company,,Risk of the Supplier Presenting Contractual Problems,Company Attributes,Classification
S1568,"Proposta de modelo de classificação do risco de
contratos públicos","Sales, L. J. C.",-,Company age,,Risk of Contractual Failure,Company Attributes,Classification
S1568,"Proposta de modelo de classificação do risco de
contratos públicos","Sales, L. J. C.",-,Company age,,Risk of the Supplier Presenting Contractual Problems,Company Attributes,Classification
S1568,"Proposta de modelo de classificação do risco de
contratos públicos","Sales, L. J. C.",-,Number of low level members,,Risk of Contractual Failure,Company Attributes,Classification
S1568,"Proposta de modelo de classificação do risco de
contratos públicos","Sales, L. J. C.",-,Number of low level members,,Risk of the Supplier Presenting Contractual Problems,Company Attributes,Classification
S1568,"Proposta de modelo de classificação do risco de
contratos públicos","Sales, L. J. C.",-,Average number of low level members,,Risk of Contractual Failure,Company Attributes,Classification
S1568,"Proposta de modelo de classificação do risco de
contratos públicos","Sales, L. J. C.",-,Average number of low level members,,Risk of the Supplier Presenting Contractual Problems,Company Attributes,Classification
S1568,"Proposta de modelo de classificação do risco de
contratos públicos","Sales, L. J. C.",-,Number of employees,,Risk of Contractual Failure,Company Attributes,Classification
S1568,"Proposta de modelo de classificação do risco de
contratos públicos","Sales, L. J. C.",-,Number of employees,,Risk of the Supplier Presenting Contractual Problems,Company Attributes,Classification
S1568,"Proposta de modelo de classificação do risco de
contratos públicos","Sales, L. J. C.",-,Amount received from the government per employee,,Risk of Contractual Failure,Company Attributes,Classification
S1568,"Proposta de modelo de classificação do risco de
contratos públicos","Sales, L. J. C.",-,Amount received from the government per employee,,Risk of the Supplier Presenting Contractual Problems,Company Attributes,Classification
S1568,"Proposta de modelo de classificação do risco de
contratos públicos","Sales, L. J. C.",-,Average partner salaries,,Risk of the Supplier Presenting Contractual Problems,Company Attributes,Classification
S1568,"Proposta de modelo de classificação do risco de
contratos públicos","Sales, L. J. C.",-,Amount received from the government per employee,,Risk of Contractual Failure,Company Attributes,Classification
S1568,"Proposta de modelo de classificação do risco de
contratos públicos","Sales, L. J. C.",-,Average partner salaries,,Risk of Contractual Failure,Company Attributes,Classification
S1568,"Proposta de modelo de classificação do risco de
contratos públicos","Sales, L. J. C.",-,Average employee salaries,,Risk of the Supplier Presenting Contractual Problems,Company Attributes,Classification
S1568,"Proposta de modelo de classificação do risco de
contratos públicos","Sales, L. J. C.",-,Average employee salaries,,Risk of Contractual Failure,Company Attributes,Classification
S1568,"Proposta de modelo de classificação do risco de
contratos públicos","Sales, L. J. C.",-,Type of supplier (Individual or legal entity),,Risk of the Supplier Presenting Contractual Problems,Company Attributes,Classification
S1568,"Proposta de modelo de classificação do risco de
contratos públicos","Sales, L. J. C.",-,Type of supplier (Individual or legal entity),,Risk of Contractual Failure,Company Attributes,Classification
S1568,"Proposta de modelo de classificação do risco de
contratos públicos","Sales, L. J. C.",-,Average employee salaries,,Risk of the Supplier Presenting Contractual Problems,Company Attributes,Classification
S1568,"Proposta de modelo de classificação do risco de
contratos públicos","Sales, L. J. C.",-,Average employee salaries,,Risk of Contractual Failure,Company Attributes,Classification
S1568,"Proposta de modelo de classificação do risco de
contratos públicos","Sales, L. J. C.",-,Indicator whether the supplier is a non-profit entity,,Risk of the Supplier Presenting Contractual Problems,Company Attributes,Classification
S1568,"Proposta de modelo de classificação do risco de
contratos públicos","Sales, L. J. C.",-,Indicator whether the supplier is a small business or not,,Risk of the Supplier Presenting Contractual Problems,Company Attributes,Classification
S1568,"Proposta de modelo de classificação do risco de
contratos públicos","Sales, L. J. C.",-,Amount received by the company as subcontractor in agreements,,Risk of the Supplier Presenting Contractual Problems,Profile of Participation in Bids and Contracts,Classification
S1568,"Proposta de modelo de classificação do risco de
contratos públicos","Sales, L. J. C.",-,Amount received by the company as subcontractor in agreements,,Risk of Contractual Failure,Profile of Participation in Bids and Contracts,Classification
S1568,"Proposta de modelo de classificação do risco de
contratos públicos","Sales, L. J. C.",-,Amount received as a condition of agreement in agreements,,Risk of the Supplier Presenting Contractual Problems,Profile of Participation in Bids and Contracts,Classification
S1568,"Proposta de modelo de classificação do risco de
contratos públicos","Sales, L. J. C.",-,Amount received as a condition of agreement in agreements,,Risk of Contractual Failure,Profile of Participation in Bids and Contracts,Classification
S1568,"Proposta de modelo de classificação do risco de
contratos públicos","Sales, L. J. C.",-,Total amount received from winning bids,,Risk of Contractual Failure,Profile of Participation in Bids and Contracts,Classification
S1568,"Proposta de modelo de classificação do risco de
contratos públicos","Sales, L. J. C.",-,Total amount received from winning bids,,Risk of the Supplier Presenting Contractual Problems,Profile of Participation in Bids and Contracts,Classification
S1568,"Proposta de modelo de classificação do risco de
contratos públicos","Sales, L. J. C.",-,Number of bids given in tenders,,Risk of Contractual Failure,Profile of Participation in Bids and Contracts,Classification
S1568,"Proposta de modelo de classificação do risco de
contratos públicos","Sales, L. J. C.",-,Number of bids given in tenders,,Risk of the Supplier Presenting Contractual Problems,Profile of Participation in Bids and Contracts,Classification
S1568,"Proposta de modelo de classificação do risco de
contratos públicos","Sales, L. J. C.",-,Number of different states where government units are located to which the company sold,,Risk of the Supplier Presenting Contractual Problems,Profile of Participation in Bids and Contracts,Classification
S1568,"Proposta de modelo de classificação do risco de
contratos públicos","Sales, L. J. C.",-,Number of public bodies to which the company sold,,Risk of the Supplier Presenting Contractual Problems,Profile of Participation in Bids and Contracts,Classification
S1568,"Proposta de modelo de classificação do risco de
contratos públicos","Sales, L. J. C.",-,Number of public bodies to which the company sold,,Risk of the Supplier Presenting Contractual Problems,Profile of Participation in Bids and Contracts,Classification
S1568,"Proposta de modelo de classificação do risco de
contratos públicos","Sales, L. J. C.",-,Quantity of expired purchase items,,Risk of Contractual Failure,Profile of Participation in Bids and Contracts,Classification
S1568,"Proposta de modelo de classificação do risco de
contratos públicos","Sales, L. J. C.",-,Quantity of expired purchase items,,Risk of the Supplier Presenting Contractual Problems,Profile of Participation in Bids and Contracts,Classification
S1568,"Proposta de modelo de classificação do risco de
contratos públicos","Sales, L. J. C.",-,Number of purchase items disputed by the company,,Risk of Contractual Failure,Profile of Participation in Bids and Contracts,Classification
S1568,"Proposta de modelo de classificação do risco de
contratos públicos","Sales, L. J. C.",-,Number of purchase items disputed by the company,,Risk of the Supplier Presenting Contractual Problems,Profile of Participation in Bids and Contracts,Classification
S1568,"Proposta de modelo de classificação do risco de
contratos públicos","Sales, L. J. C.",-,Number of disqualifications suffered by the company,,Risk of Contractual Failure,Profile of Participation in Bids and Contracts,Classification
S1568,"Proposta de modelo de classificação do risco de
contratos públicos","Sales, L. J. C.",-,Number of disqualifications suffered by the company,,Risk of the Supplier Presenting Contractual Problems,Profile of Participation in Bids and Contracts,Classification
S1568,"Proposta de modelo de classificação do risco de
contratos públicos","Sales, L. J. C.",-,Number of bids contested by the company,,Risk of Contractual Failure,Profile of Participation in Bids and Contracts,Classification
S1568,"Proposta de modelo de classificação do risco de
contratos públicos","Sales, L. J. C.",-,Number of bids contested by the company,,Risk of the Supplier Presenting Contractual Problems,Profile of Participation in Bids and Contracts,Classification
S1568,"Proposta de modelo de classificação do risco de
contratos públicos","Sales, L. J. C.",-,Variable that indicates whether the contract is for service or delivery of goods,,Risk of Contractual Failure,Bidding or Contractual Properties,Classification
S1568,"Proposta de modelo de classificação do risco de
contratos públicos","Sales, L. J. C.",-,If the contract originated from a non-bidding requirement,,Risk of Contractual Failure,Bidding or Contractual Properties,Classification
S1568,"Proposta de modelo de classificação do risco de
contratos públicos","Sales, L. J. C.",-,Indicator whether the contract originated from a bidding exemption,,Risk of Contractual Failure,Bidding or Contractual Properties,Classification
S1568,"Proposta de modelo de classificação do risco de
contratos públicos","Sales, L. J. C.",-,Indicator whether the contract originated from price taking,,Risk of Contractual Failure,Bidding or Contractual Properties,Classification
S1568,"Proposta de modelo de classificação do risco de
contratos públicos","Sales, L. J. C.",-,Indicator whether the contract originated from an invitation,,Risk of Contractual Failure,Bidding or Contractual Properties,Classification
S1568,"Proposta de modelo de classificação do risco de
contratos públicos","Sales, L. J. C.",-,Indicator whether the contract originated from an auction,,Risk of Contractual Failure,Bidding or Contractual Properties,Classification
S1568,"Proposta de modelo de classificação do risco de
contratos públicos","Sales, L. J. C.",-,Indicator whether the contract originated from a tender,,Risk of Contractual Failure,Bidding or Contractual Properties,Classification
S1568,"Proposta de modelo de classificação do risco de
contratos públicos","Sales, L. J. C.",-,Indicator whether the contract originated from a competition,,Risk of Contractual Failure,Bidding or Contractual Properties,Classification
S1568,"Proposta de modelo de classificação do risco de
contratos públicos","Sales, L. J. C.",-,Variable that measures the quality in the specification of the contract object,,Risk of Contractual Failure,Bidding or Contractual Properties,Classification
S1568,"Proposta de modelo de classificação do risco de
contratos públicos","Sales, L. J. C.",-,Difference between the estimated contracted value and the final bidding value,,Risk of Contractual Failure,Bidding or Contractual Properties,Classification
S1568,"Proposta de modelo de classificação do risco de
contratos públicos","Sales, L. J. C.",-,Division between the contract value and the number of times the item was contracted other times,,Risk of Contractual Failure,Bidding or Contractual Properties,Classification
S1568,"Proposta de modelo de classificação do risco de
contratos públicos","Sales, L. J. C.",-,Number of times the item was contracted other times.,,Risk of Contractual Failure,Bidding or Contractual Properties,Classification
S1568,"Proposta de modelo de classificação do risco de
contratos públicos","Sales, L. J. C.",-,Number of bids per participant in the bidding that originated the contract.,,Risk of Contractual Failure,Bidding or Contractual Properties,Classification
S1568,"Proposta de modelo de classificação do risco de
contratos públicos","Sales, L. J. C.",-,Number of participants in the bidding that originated the contract.,,Risk of Contractual Failure,Bidding or Contractual Properties,Classification
S1568,"Proposta de modelo de classificação do risco de
contratos públicos","Sales, L. J. C.",-,Number of bids in the tender that originated the contract.,,Risk of Contractual Failure,Bidding or Contractual Properties,Classification
S1568,"Proposta de modelo de classificação do risco de
contratos públicos","Sales, L. J. C.",-,Number of additional terms for changing the contract supplier.,,Risk of Contractual Failure,Bidding or Contractual Properties,Classification
S1568,"Proposta de modelo de classificação do risco de
contratos públicos","Sales, L. J. C.",-,Number of additive terms to change the value of the contract.,,Risk of Contractual Failure,Bidding or Contractual Properties,Classification
S1568,"Proposta de modelo de classificação do risco de
contratos públicos","Sales, L. J. C.",-,Number of additional terms to change the term of the contract.,,Risk of Contractual Failure,Bidding or Contractual Properties,Classification
S1568,"Proposta de modelo de classificação do risco de
contratos públicos","Sales, L. J. C.",-,Number of occurrences monitored by the CGU identified in the tender that originated the contract.,,Risk of Contractual Failure,Bidding or Contractual Properties,Classification
S1568,"Proposta de modelo de classificação do risco de
contratos públicos","Sales, L. J. C.",-,Value of occurrences monitored by the CGU identified in the tender that originated the contract.,,Risk of Contractual Failure,Bidding or Contractual Properties,Classification
S1568,"Proposta de modelo de classificação do risco de
contratos públicos","Sales, L. J. C.",-,Number of rectifications that occurred in the contract.,,Risk of Contractual Failure,Bidding or Contractual Properties,Classification
S1568,"Proposta de modelo de classificação do risco de
contratos públicos","Sales, L. J. C.",-,Number of days to extend the contract term.,,Risk of Contractual Failure,Bidding or Contractual Properties,Classification
S1568,"Proposta de modelo de classificação do risco de
contratos públicos","Sales, L. J. C.",-,Number of days until the end of the contract (after any changes).,,Risk of Contractual Failure,Bidding or Contractual Properties,Classification
S1568,"Proposta de modelo de classificação do risco de
contratos públicos","Sales, L. J. C.",-,Number of days of the original contract term (before any changes).,,Risk of Contractual Failure,Bidding or Contractual Properties,Classification
S1568,"Proposta de modelo de classificação do risco de
contratos públicos","Sales, L. J. C.",-,Final contract value,,Risk of Contractual Failure,Bidding or Contractual Properties,Classification
S1568,"Proposta de modelo de classificação do risco de
contratos públicos","Sales, L. J. C.",-,Initial contract value,,Risk of Contractual Failure,Bidding or Contractual Properties,Classification
S1577,Collusion and Corruption Risk Analysis Using Naïve Bayes Classifiers,Remis BalaniukPierre BessiereEmmanuel MazerPaulo Cobbe,-,Number of purchases awarded without an open call bid,,Fraud or Corruption Detection,Profile of Participation in Bids and Contracts,Classification
S1577,Collusion and Corruption Risk Analysis Using Naïve Bayes Classifiers,Remis BalaniukPierre BessiereEmmanuel MazerPaulo Cobbe,-,Total amount of the purchases awarded without an open call bid,,Fraud or Corruption Detection,Profile of Participation in Bids and Contracts,Classification
S1577,Collusion and Corruption Risk Analysis Using Naïve Bayes Classifiers,Remis BalaniukPierre BessiereEmmanuel MazerPaulo Cobbe,-,Number of post-award purchase value increases,,Fraud or Corruption Detection,Profile of Participation in Bids and Contracts,Classification
S1577,Collusion and Corruption Risk Analysis Using Naïve Bayes Classifiers,Remis BalaniukPierre BessiereEmmanuel MazerPaulo Cobbe,-,Total amount of the purchases value increases,,Fraud or Corruption Detection,Profile of Participation in Bids and Contracts,Classification
S1577,Collusion and Corruption Risk Analysis Using Naïve Bayes Classifiers,Remis BalaniukPierre BessiereEmmanuel MazerPaulo Cobbe,-,Number of post-award purchase value reductions,,Fraud or Corruption Detection,Profile of Participation in Bids and Contracts,Classification
S1577,Collusion and Corruption Risk Analysis Using Naïve Bayes Classifiers,Remis BalaniukPierre BessiereEmmanuel MazerPaulo Cobbe,-,Total amount of the purchases value reduction,,Fraud or Corruption Detection,Profile of Participation in Bids and Contracts,Classification
S1577,Collusion and Corruption Risk Analysis Using Naïve Bayes Classifiers,Remis BalaniukPierre BessiereEmmanuel MazerPaulo Cobbe,-,Existence or not of links between the public body and the private company,,Fraud or Corruption Detection,Political Activity,Classification
S1647,Eficácia no uso de aprendizagem de máquina para estimação de risco em contratos públicos e empresas.,TL MENEZES,Bidding behavior,-,,Risk of Contractual Failure,Profile of Participation in Bids and Contracts,Classification
S1647,Eficácia no uso de aprendizagem de máquina para estimação de risco em contratos públicos e empresas.,TL MENEZES,Geographic activity,-,,Risk of Contractual Failure,Geographical Activity,Classification
S1647,Eficácia no uso de aprendizagem de máquina para estimação de risco em contratos públicos e empresas.,TL MENEZES,Registration aspects,-,,Risk of Contractual Failure,Company Attributes,Classification
S1647,Eficácia no uso de aprendizagem de máquina para estimação de risco em contratos públicos e empresas.,TL MENEZES,Corporate composition,-,,Risk of Contractual Failure,Company Attributes,Classification
S1647,Eficácia no uso de aprendizagem de máquina para estimação de risco em contratos públicos e empresas.,TL MENEZES,Bidding and contractual attributes,-,,Risk of Contractual Failure,Bidding or Contractual Properties,Classification
S1652,Machine learning with screens for detecting bid-rigging cartels,"M Huber, D Imhof",-,Ratio of the price difference between the second and (winning) first lowest bids,,Collusion Risk,Bidding or Contractual Properties,Classification
S1652,Machine learning with screens for detecting bid-rigging cartels,"M Huber, D Imhof",-,Difference among all bids,,Collusion Risk,Bidding or Contractual Properties,Classification
S1652,Machine learning with screens for detecting bid-rigging cartels,"M Huber, D Imhof",-,Variation of bids in a tender,,Collusion Risk,Bidding or Contractual Properties,Classification
S1652,Machine learning with screens for detecting bid-rigging cartels,"M Huber, D Imhof",-,Number of bids,,Collusion Risk,Bidding or Contractual Properties,Classification
S1652,Machine learning with screens for detecting bid-rigging cartels,"M Huber, D Imhof",-,Skewness of bids,,Collusion Risk,Bidding or Contractual Properties,Classification
S1688,Predicting public procurement irregularity: An application of neural networks,"T Sun, LJ Sales",Operational capabilities,Number of partners in the year,Number of partners in the year,Risk of the Supplier Presenting Contractual Problems,Company Attributes,Classification
S1688,Predicting public procurement irregularity: An application of neural networks,"T Sun, LJ Sales",Operational capabilities,Average salary of employees,Average salary of employees,Risk of the Supplier Presenting Contractual Problems,Company Attributes,Classification
S1688,Predicting public procurement irregularity: An application of neural networks,"T Sun, LJ Sales",Operational capabilities,Number of employees in the year,Number of employees in the year,Risk of the Supplier Presenting Contractual Problems,Company Attributes,Classification
S1688,Predicting public procurement irregularity: An application of neural networks,"T Sun, LJ Sales",Operational capabilities,Average salary of the partners in the year,Average salary of the partners in the year,Risk of the Supplier Presenting Contractual Problems,Company Attributes,Classification
S1688,Predicting public procurement irregularity: An application of neural networks,"T Sun, LJ Sales",Operational capabilities,Average age of the partners in the year,Average age of the partners in the year,Risk of the Supplier Presenting Contractual Problems,Company Attributes,Classification
S1688,Predicting public procurement irregularity: An application of neural networks,"T Sun, LJ Sales",Profile of participation in biddings,Total number of biddings disputed in the year,Total number of bids disputed,Risk of the Supplier Presenting Contractual Problems,Profile of Participation in Bids and Contracts,Classification
S1688,Predicting public procurement irregularity: An application of neural networks,"T Sun, LJ Sales",Profile of participation in biddings,Total value proposed by the company for all disputed biddings in the year,,Risk of the Supplier Presenting Contractual Problems,Profile of Participation in Bids and Contracts,Classification
S1688,Predicting public procurement irregularity: An application of neural networks,"T Sun, LJ Sales",Profile of participation in biddings,Percentage of the number of awarded biddings within all disputed biddings,,Risk of the Supplier Presenting Contractual Problems,Profile of Participation in Bids and Contracts,Classification
S1688,Predicting public procurement irregularity: An application of neural networks,"T Sun, LJ Sales",History of punishments and findings,Amount of punishments received,,Risk of the Supplier Presenting Contractual Problems,Punishment History,Classification
S1688,Predicting public procurement irregularity: An application of neural networks,"T Sun, LJ Sales",History of punishments and findings,Total alerts generated,,Risk of the Supplier Presenting Contractual Problems,Punishment History,Classification
S1688,Predicting public procurement irregularity: An application of neural networks,"T Sun, LJ Sales",Political bonding,Number of company partners who are also public servants,,Risk of the Supplier Presenting Contractual Problems,Political Activity,Classification
S1688,Predicting public procurement irregularity: An application of neural networks,"T Sun, LJ Sales",Political bonding,Total amount donated to support candidates,,Risk of the Supplier Presenting Contractual Problems,Political Activity,Classification
S1688,Predicting public procurement irregularity: An application of neural networks,"T Sun, LJ Sales",Political bonding,Total amount donated in election campaigns,,Risk of the Supplier Presenting Contractual Problems,Political Activity,Classification
S1688,Predicting public procurement irregularity: An application of neural networks,"T Sun, LJ Sales",Operational capabilities,Amount received from the government for each employee,Amount of public spending received per employee,Risk of the Supplier Presenting Contractual Problems,Company Attributes,Classification
S66,Neural Networks and Statistical Analysis for Time and Cost Prediction Models of Urban Redevelopment Projects,"M Gkovedarou, GN Aretoulis",-,Earthwork volume,Earthwork volume,Execution Time Estimation,Work Attributes,Regression
S66,Neural Networks and Statistical Analysis for Time and Cost Prediction Models of Urban Redevelopment Projects,"M Gkovedarou, GN Aretoulis",-,Earthwork cost,Earthwork volume,Execution Time Estimation,Work Attributes,Regression
S66,Neural Networks and Statistical Analysis for Time and Cost Prediction Models of Urban Redevelopment Projects,"M Gkovedarou, GN Aretoulis",-,Earthwork volume,Earthwork volume,Cost Estimate,Work Attributes,Regression
S66,Neural Networks and Statistical Analysis for Time and Cost Prediction Models of Urban Redevelopment Projects,"M Gkovedarou, GN Aretoulis",-,Earthwork cost,Earthwork volume,Cost Estimate,Work Attributes,Regression
S96,ANN based approach for estimation of construction costs of sports fields,"M Juszczyk, A Leśniak, K Zima",-,Playing area of the sports field,Playing area of the sports field,Cost Estimate,Work Attributes,Regression
S96,ANN based approach for estimation of construction costs of sports fields,"M Juszczyk, A Leśniak, K Zima",-,Location of the sports ground,Location of the sports ground,Cost Estimate,Work Attributes,Regression
S96,ANN based approach for estimation of construction costs of sports fields,"M Juszczyk, A Leśniak, K Zima",-,Number of sport functions,Number of sport functions,Cost Estimate,Work Attributes,Regression
S96,ANN based approach for estimation of construction costs of sports fields,"M Juszczyk, A Leśniak, K Zima",-,Type of the playing field surface,Type of the playing field surface,Cost Estimate,Work Attributes,Regression
S96,ANN based approach for estimation of construction costs of sports fields,"M Juszczyk, A Leśniak, K Zima",-,Quality standard of the playing field’s surface,Quality standard of the playing field’s surface,Cost Estimate,Work Attributes,Regression
S96,ANN based approach for estimation of construction costs of sports fields,"M Juszczyk, A Leśniak, K Zima",-,Ball stop net’s surface,Ball stop net’s surface,Cost Estimate,Work Attributes,Regression
S96,ANN based approach for estimation of construction costs of sports fields,"M Juszczyk, A Leśniak, K Zima",-,Arranged area for communication,Arranged area for communication,Cost Estimate,Work Attributes,Regression
S96,ANN based approach for estimation of construction costs of sports fields,"M Juszczyk, A Leśniak, K Zima",-,Fencing length,Fencing length,Cost Estimate,Work Attributes,Regression
S96,ANN based approach for estimation of construction costs of sports fields,"M Juszczyk, A Leśniak, K Zima",-,Arranged greenery area ,Arranged greenery area ,Cost Estimate,Work Attributes,Regression
S358,Construction cost estimation of Brazilian highways using artificial neural networks,"LB Barros, M Marcy, MTM Carvalho",-,Average of costs referring to materials,Average of costs referring to materials,Cost Estimate,Work Attributes,Regression
S358,Construction cost estimation of Brazilian highways using artificial neural networks,"LB Barros, M Marcy, MTM Carvalho",-,Road or highway extension,Road extension,Cost Estimate,Work Attributes,Regression
S358,Construction cost estimation of Brazilian highways using artificial neural networks,"LB Barros, M Marcy, MTM Carvalho",-,Class of the road (track speed in kilometers),Class of the road (track speed in kilometers),Cost Estimate,Work Attributes,Regression
S358,Construction cost estimation of Brazilian highways using artificial neural networks,"LB Barros, M Marcy, MTM Carvalho",-,Execution time,,Cost Estimate,Bidding or Contractual Properties,Regression
S358,Construction cost estimation of Brazilian highways using artificial neural networks,"LB Barros, M Marcy, MTM Carvalho",-,Volume of excavation,Volume of excavation,Cost Estimate,Work Attributes,Regression
S358,Construction cost estimation of Brazilian highways using artificial neural networks,"LB Barros, M Marcy, MTM Carvalho",-,"Existence, volume or height of embakment",Volume of embankment,Cost Estimate,Work Attributes,Regression
S358,Construction cost estimation of Brazilian highways using artificial neural networks,"LB Barros, M Marcy, MTM Carvalho",-,Volume of concrete,Volume of bituminous concrete,Cost Estimate,Work Attributes,Regression
S358,Construction cost estimation of Brazilian highways using artificial neural networks,"LB Barros, M Marcy, MTM Carvalho",-,Existence or number of bridges,Number of bridges executed,Cost Estimate,Work Attributes,Regression
S358,Construction cost estimation of Brazilian highways using artificial neural networks,"LB Barros, M Marcy, MTM Carvalho",-,Extension of the bridges ,Extension of the bridges ,Cost Estimate,Work Attributes,Regression
S463,Modeling the execution time of construction projects: case study at the Federal University of Pará,"LSAL Coutinho, AAAM Duarte, RM Neves…",-,Season of the year (winter or summer),,Execution Time Estimation,Climate Factors,Regression
S463,Modeling the execution time of construction projects: case study at the Federal University of Pará,"LSAL Coutinho, AAAM Duarte, RM Neves…",-,Building area,Building area,Execution Time Estimation,Work Attributes,Regression
S463,Modeling the execution time of construction projects: case study at the Federal University of Pará,"LSAL Coutinho, AAAM Duarte, RM Neves…",-,Estimated total value or award price,,Execution Time Estimation,Bidding or Contractual Properties,Regression
S463,Modeling the execution time of construction projects: case study at the Federal University of Pará,"LSAL Coutinho, AAAM Duarte, RM Neves…",-,Share capital,Share capital,Execution Time Estimation,Company Attributes,Regression
S463,Modeling the execution time of construction projects: case study at the Federal University of Pará,"LSAL Coutinho, AAAM Duarte, RM Neves…",-,Operational capacity of the company ,Operational capacity of the company (obtained by the ratio between the Variables social capital and work value),Execution Time Estimation,Company Attributes,Regression
S463,Modeling the execution time of construction projects: case study at the Federal University of Pará,"LSAL Coutinho, AAAM Duarte, RM Neves…",-,Execution time,,Execution Time Estimation,Bidding or Contractual Properties,Regression
S463,Modeling the execution time of construction projects: case study at the Federal University of Pará,"LSAL Coutinho, AAAM Duarte, RM Neves…",-,Destination (work or renovation),Destination (work or renovation),Execution Time Estimation,Work Attributes,Regression
S463,Modeling the execution time of construction projects: case study at the Federal University of Pará,"LSAL Coutinho, AAAM Duarte, RM Neves…",-,"Specific purpose of a type of work (teaching, research and extension, and administrative units)",,Execution Time Estimation,Bidding or Contractual Properties,Regression
S463,Modeling the execution time of construction projects: case study at the Federal University of Pará,"LSAL Coutinho, AAAM Duarte, RM Neves…",-,Bidding modality,,Execution Time Estimation,Bidding or Contractual Properties,Regression
S678,Neural network models for actual duration of Greek highway projects,"M Titirla, G Aretoulis",-,Project length,Project length,Execution Time Estimation,Work Attributes,Regression
S678,Neural network models for actual duration of Greek highway projects,"M Titirla, G Aretoulis",-,Estimated total value or award price,,Execution Time Estimation,Bidding or Contractual Properties,Regression
S678,Neural network models for actual duration of Greek highway projects,"M Titirla, G Aretoulis",-,Number of lanes,Number of lanes,Execution Time Estimation,Work Attributes,Regression
S678,Neural network models for actual duration of Greek highway projects,"M Titirla, G Aretoulis",-,Execution time,,Execution Time Estimation,Bidding or Contractual Properties,Regression
S678,Neural network models for actual duration of Greek highway projects,"M Titirla, G Aretoulis",-,Number of technical projects,Number of technical projects,Execution Time Estimation,Work Attributes,Regression
S678,Neural network models for actual duration of Greek highway projects,"M Titirla, G Aretoulis",-,"Existence, volume or height of embakment",Landfill existence (boolean),Execution Time Estimation,Work Attributes,Regression
S678,Neural network models for actual duration of Greek highway projects,"M Titirla, G Aretoulis",-,Land requirement (boolean),Land requirement (boolean),Execution Time Estimation,Work Attributes,Regression
S678,Neural network models for actual duration of Greek highway projects,"M Titirla, G Aretoulis",-,Geotechnical project (boolean),Geotechnical project (boolean),Execution Time Estimation,Work Attributes,Regression
S678,Neural network models for actual duration of Greek highway projects,"M Titirla, G Aretoulis",-,Existence or number of bridges,Bridge (boolean),Execution Time Estimation,Work Attributes,Regression
S678,Neural network models for actual duration of Greek highway projects,"M Titirla, G Aretoulis",-,Tunnel (boolean),Tunnel (boolean),Execution Time Estimation,Work Attributes,Regression
S678,Neural network models for actual duration of Greek highway projects,"M Titirla, G Aretoulis",-,"Existence, volume or height of embakment",Embankment (the height of the embankment),Execution Time Estimation,Work Attributes,Regression
S781,"Public Procurement Announcements in Spain: Regulations, Data Analysis, and Award Price Estimator Using Machine Learning","García Rodríguez, M.J., Rodríguez Montequín, V., Ortega Fernández, F., Villanueva Balsera, J.M.",-,Estimated total value or award price,,Winning Value,Bidding or Contractual Properties,Regression
S781,"Public Procurement Announcements in Spain: Regulations, Data Analysis, and Award Price Estimator Using Machine Learning","García Rodríguez, M.J., Rodríguez Montequín, V., Ortega Fernández, F., Villanueva Balsera, J.M.",-,Responsible government agency,,Winning Value,Bidding or Contractual Properties,Regression
S781,"Public Procurement Announcements in Spain: Regulations, Data Analysis, and Award Price Estimator Using Machine Learning","García Rodríguez, M.J., Rodríguez Montequín, V., Ortega Fernández, F., Villanueva Balsera, J.M.",-,CPV code,,Winning Value,Bidding or Contractual Properties,Regression
S781,"Public Procurement Announcements in Spain: Regulations, Data Analysis, and Award Price Estimator Using Machine Learning","García Rodríguez, M.J., Rodríguez Montequín, V., Ortega Fernández, F., Villanueva Balsera, J.M.",-,Contract area,,Winning Value,Bidding or Contractual Properties,Regression
S781,"Public Procurement Announcements in Spain: Regulations, Data Analysis, and Award Price Estimator Using Machine Learning","García Rodríguez, M.J., Rodríguez Montequín, V., Ortega Fernández, F., Villanueva Balsera, J.M.",-,Bidding modality,,Winning Value,Bidding or Contractual Properties,Regression
S781,"Public Procurement Announcements in Spain: Regulations, Data Analysis, and Award Price Estimator Using Machine Learning","García Rodríguez, M.J., Rodríguez Montequín, V., Ortega Fernández, F., Villanueva Balsera, J.M.",-,Type of contract,,Winning Value,Bidding or Contractual Properties,Regression
S781,"Public Procurement Announcements in Spain: Regulations, Data Analysis, and Award Price Estimator Using Machine Learning","García Rodríguez, M.J., Rodríguez Montequín, V., Ortega Fernández, F., Villanueva Balsera, J.M.",-,Subtype of contract,,Winning Value,Bidding or Contractual Properties,Regression
S781,"Public Procurement Announcements in Spain: Regulations, Data Analysis, and Award Price Estimator Using Machine Learning","García Rodríguez, M.J., Rodríguez Montequín, V., Ortega Fernández, F., Villanueva Balsera, J.M.",-,Type of processing,,Winning Value,Bidding or Contractual Properties,Regression
S781,"Public Procurement Announcements in Spain: Regulations, Data Analysis, and Award Price Estimator Using Machine Learning","García Rodríguez, M.J., Rodríguez Montequín, V., Ortega Fernández, F., Villanueva Balsera, J.M.",-,Postal zone of responsible government agency,,Winning Value,Bidding or Contractual Properties,Regression
S781,"Public Procurement Announcements in Spain: Regulations, Data Analysis, and Award Price Estimator Using Machine Learning","García Rodríguez, M.J., Rodríguez Montequín, V., Ortega Fernández, F., Villanueva Balsera, J.M.",,Municipality code of responsible government agency,,Winning Value,Bidding or Contractual Properties,
S781,"Public Procurement Announcements in Spain: Regulations, Data Analysis, and Award Price Estimator Using Machine Learning","García Rodríguez, M.J., Rodríguez Montequín, V., Ortega Fernández, F., Villanueva Balsera, J.M.",,Province code of responsible government agency,,Winning Value,Bidding or Contractual Properties,
S781,"Public Procurement Announcements in Spain: Regulations, Data Analysis, and Award Price Estimator Using Machine Learning","García Rodríguez, M.J., Rodríguez Montequín, V., Ortega Fernández, F., Villanueva Balsera, J.M.",,Autonomous communities code of responsible government agency,,Winning Value,Bidding or Contractual Properties,
S781,"Public Procurement Announcements in Spain: Regulations, Data Analysis, and Award Price Estimator Using Machine Learning","García Rodríguez, M.J., Rodríguez Montequín, V., Ortega Fernández, F., Villanueva Balsera, J.M.",-,Execution time,,Winning Value,Bidding or Contractual Properties,Regression
S781,"Public Procurement Announcements in Spain: Regulations, Data Analysis, and Award Price Estimator Using Machine Learning","García Rodríguez, M.J., Rodríguez Montequín, V., Ortega Fernández, F., Villanueva Balsera, J.M.",-,Award date,,Winning Value,Bidding or Contractual Properties,
S1629,Previsão de Valores de Aquisições Governamentais: o Uso dos Conceitos de Data Science e Machine Learning,"LHR DE OLIVEIRA, T GAUDÊNCIO, DO RÊGO…",-,Type of contract,,Winning Value,Bidding or Contractual Properties,Regression
S1629,Previsão de Valores de Aquisições Governamentais: o Uso dos Conceitos de Data Science e Machine Learning,"LHR DE OLIVEIRA, T GAUDÊNCIO, DO RÊGO…",-,Estimated total value or award price,,Winning Value,Bidding or Contractual Properties,Regression
S1629,Previsão de Valores de Aquisições Governamentais: o Uso dos Conceitos de Data Science e Machine Learning,"LHR DE OLIVEIRA, T GAUDÊNCIO, DO RÊGO…",-,Bidding modality,,Winning Value,Bidding or Contractual Properties,Regression
S1653,Aplicação de redes neurais artificiais no contexto de estimativa de custos de construção de rodovias,LB Barros,-,Average material transport distances,"Distância média de transporte (DMT) de cimento asfáltico de petróleo (CAP)
Distância média de transporte (DMT) de areia
Distância média de transporte (DMT) de cimento",Cost Estimate,Work Attributes,Regression
S1653,Aplicação de redes neurais artificiais no contexto de estimativa de custos de construção de rodovias,LB Barros,-,Execution time,prazo de execução,Cost Estimate,Bidding or Contractual Properties,Regression
S1653,Aplicação de redes neurais artificiais no contexto de estimativa de custos de construção de rodovias,LB Barros,,Volume of excavation,,Cost Estimate,Work Attributes,Regression
S1653,Aplicação de redes neurais artificiais no contexto de estimativa de custos de construção de rodovias,LB Barros,,"Existence, volume or height of embakment",Landfill volumes,Cost Estimate,Work Attributes,Regression
S1653,Aplicação de redes neurais artificiais no contexto de estimativa de custos de construção de rodovias,LB Barros,,Volume of concrete,Concrete volumes,Cost Estimate,Work Attributes,Regression
S1653,Aplicação de redes neurais artificiais no contexto de estimativa de custos de construção de rodovias,LB Barros,-,Guideline speed (defined according to the conditions of the region and technical conditions),velocidade diretriz - Guideline speed (defined according to the conditions of the region and technical conditions),Cost Estimate,Work Attributes,Regression
S1653,Aplicação de redes neurais artificiais no contexto de estimativa de custos de construção de rodovias,LB Barros,,Amount of special works of art,"quantidade de Obras de Arte Especiais (obras de arte especiais, que compreendem as estruturas, tais como pontes, viadutos ou túneis necessários à implantação de uma via, e que pelas suas proporções e características peculiares requerem um projeto específico)",Cost Estimate,Work Attributes,Regression
S1653,Aplicação de redes neurais artificiais no contexto de estimativa de custos de construção de rodovias,LB Barros,-,Road or highway extension,extensão da rodovia,Cost Estimate,Work Attributes,Regression
S1910,Optimized artificial intelligence models for predicting project award price,"JS Chou, CW Lin, AD Pham, JY Shao",-,Execution time,,Winning Value,Bidding or Contractual Properties,Regression
S1910,Optimized artificial intelligence models for predicting project award price,"JS Chou, CW Lin, AD Pham, JY Shao",-,Unit price,,Winning Value,Bidding or Contractual Properties,Regression
S1910,Optimized artificial intelligence models for predicting project award price,"JS Chou, CW Lin, AD Pham, JY Shao",-,Estimated total value or award price,,Winning Value,Bidding or Contractual Properties,Regression
S1910,Optimized artificial intelligence models for predicting project award price,"JS Chou, CW Lin, AD Pham, JY Shao",-,Road or highway extension,Road constructed area M^2,Winning Value,Work Attributes,Regression
S1910,Optimized artificial intelligence models for predicting project award price,"JS Chou, CW Lin, AD Pham, JY Shao",-,Upper constructed area,Upper constructed area,Winning Value,Work Attributes,Regression
S1910,Optimized artificial intelligence models for predicting project award price,"JS Chou, CW Lin, AD Pham, JY Shao",-,Responsible government agency,,Winning Value,Bidding or Contractual Properties,Regression
S1910,Optimized artificial intelligence models for predicting project award price,"JS Chou, CW Lin, AD Pham, JY Shao",-,Number of bridge abutment and piers,Number of bridge abutment and piers,Winning Value,Work Attributes,Regression
S1910,Optimized artificial intelligence models for predicting project award price,"JS Chou, CW Lin, AD Pham, JY Shao",-,"Construction section (bridge, pier, bridge foundation, etc)","Construction section (bridge, pier, bridge foundation, etc)",Winning Value,Work Attributes,Regression
S1961,Efficacy of estimation methods in forecasting building projects' costs,"S Bayram, S Al-Jibouri",-,Unit area cost,Unit area cost,Cost Estimate,Work Attributes,Regression
S1961,Efficacy of estimation methods in forecasting building projects' costs,"S Bayram, S Al-Jibouri",-,Estimated total value or award price,,Cost Estimate,Bidding or Contractual Properties,Regression
S1961,Efficacy of estimation methods in forecasting building projects' costs,"S Bayram, S Al-Jibouri",-,Estimated total value or award price,,Cost Estimate,Bidding or Contractual Properties,Regression
S2362,Parametric cost estimation of resurfacing projects using ridge regression and a generalized feedforward neural network,"Y Zhang, RE Minchin Jr",-,Number of bids,,Cost Estimate,Bidding or Contractual Properties,Regression
S2362,Parametric cost estimation of resurfacing projects using ridge regression and a generalized feedforward neural network,"Y Zhang, RE Minchin Jr",-,Execution time,,Cost Estimate,Bidding or Contractual Properties,Regression
S2362,Parametric cost estimation of resurfacing projects using ridge regression and a generalized feedforward neural network,"Y Zhang, RE Minchin Jr",-,District,,Cost Estimate,Geographical Activity,Regression
S2362,Parametric cost estimation of resurfacing projects using ridge regression and a generalized feedforward neural network,"Y Zhang, RE Minchin Jr",-,Type of contract,,Cost Estimate,Bidding or Contractual Properties,Regression
S2429,Inferring about fraudulent collusion risk on Brazilian public works contracts in official texts using a Bi-LSTM approach,"Lima, Marcos; Silva, Roberta; de Souza Mendes, Felipe Lopes; de Carvalho, Leonardo R; Araujo, Aleteia; de Barros Vidal, Flavio;",-,Contract description,,Collusion Risk,Bidding or Contractual Properties,Classification
S2464,Aplicação de aprendizado de máquina na detecção de fraudes públicas,"Lopes, Marco Antonio;",-,Responsible government agency,,Fraud or Corruption Detection,Bidding or Contractual Properties,Classification
S2464,Aplicação de aprendizado de máquina na detecção de fraudes públicas,"Lopes, Marco Antonio;",-,Legal nature,Legal nature,Fraud or Corruption Detection,Company Attributes,Classification
S2464,Aplicação de aprendizado de máquina na detecção de fraudes públicas,"Lopes, Marco Antonio;",-,Type of industry,"ramo do negocio (comercio varegista, transporte terrestre, construcao de edificios, servicos de arquitetura 71) nivel mais alto do CNAE",Fraud or Corruption Detection,Company Attributes,Classification
S2464,Aplicação de aprendizado de máquina na detecção de fraudes públicas,"Lopes, Marco Antonio;",-,Company size,"porte da empresa (microempresa, empresa de pequeno porte, demais)",Fraud or Corruption Detection,Company Attributes,Classification
S2464,Aplicação de aprendizado de máquina na detecção de fraudes públicas,"Lopes, Marco Antonio;",-,Economic Area,CNAE,Fraud or Corruption Detection,Company Attributes,Classification
S2464,Aplicação de aprendizado de máquina na detecção de fraudes públicas,"Lopes, Marco Antonio;",-,Responsible municipality,,Fraud or Corruption Detection,Bidding or Contractual Properties,Classification
S2464,Aplicação de aprendizado de máquina na detecção de fraudes públicas,"Lopes, Marco Antonio;",-,Number of additives,,Fraud or Corruption Detection,Bidding or Contractual Properties,Classification
S2464,Aplicação de aprendizado de máquina na detecção de fraudes públicas,"Lopes, Marco Antonio;",-,Estimated total value or award price,,Fraud or Corruption Detection,Bidding or Contractual Properties,Classification
S2464,Aplicação de aprendizado de máquina na detecção de fraudes públicas,"Lopes, Marco Antonio;",-,Contract extension,,Fraud or Corruption Detection,Bidding or Contractual Properties,Classification
S2464,Aplicação de aprendizado de máquina na detecção de fraudes públicas,"Lopes, Marco Antonio;",-,Bidding modality,,Fraud or Corruption Detection,Bidding or Contractual Properties,Classification
S2464,Aplicação de aprendizado de máquina na detecção de fraudes públicas,"Lopes, Marco Antonio;",-,Bidding registration system,,Fraud or Corruption Detection,Bidding or Contractual Properties,Classification
S2467,Predicting The Number of Bidders in Public Procurement,M. K. Gorgun; M. Kutlu; B. K. Onur Taş,-,Country code,"Country of authority: As empresas provavelmente farão ofertas para os países que conhecem bem. Por exemplo, para um contrato público sobre a construção de uma estrada na Bulgária, as empresas na Bulgária podem estar mais interessadas do que as empresas nos estados membros da UE, porque conhecem as pessoas, a geografia e outras capacidades logísticas da Bulgária muito melhor do que outras. Além disso, o número de empresas que podem realizar a tarefa / serviço definido em uma descrição de aquisição varia em cada país. Por exemplo, esperamos que mais empresas sejam elegíveis para uma determinada aquisição em países economicamente desenvolvidos (por exemplo, Alemanha) do que países com situação econômica fraca (Grécia). portanto, a ISO pode nos ajudar a prever o número de licitantes. Usamos um recurso binário para cada estado membro da UE, resultando em um vetor de recursos com tamanho de pf 27",Number of Bidders,Bidding or Contractual Properties,Regression
S2467,Predicting The Number of Bidders in Public Procurement,M. K. Gorgun; M. Kutlu; B. K. Onur Taş,-,Language of the main text,,Number of Bidders,Bidding or Contractual Properties,Regression
S2467,Predicting The Number of Bidders in Public Procurement,M. K. Gorgun; M. Kutlu; B. K. Onur Taş,-,CPV code,,Number of Bidders,Bidding or Contractual Properties,Regression
S2467,Predicting The Number of Bidders in Public Procurement,M. K. Gorgun; M. Kutlu; B. K. Onur Taş,-,Length of description,,Number of Bidders,Bidding or Contractual Properties,Regression
S2467,Predicting The Number of Bidders in Public Procurement,M. K. Gorgun; M. Kutlu; B. K. Onur Taş,-,Contract description,Named Entity Recognition,Number of Bidders,Bidding or Contractual Properties,Regression
S2467,Predicting The Number of Bidders in Public Procurement,M. K. Gorgun; M. Kutlu; B. K. Onur Taş,-,Contract description,N-grams,Number of Bidders,Bidding or Contractual Properties,Regression
S2469,Anomaly Detection in Public Procurements using the Open Contracting Data Standard,M. E. K. Niessen; J. M. Paciello; J. I. P. Fernandez,-,Periods between important dates,,Protests Resolved in Favor of Protestant,Bidding or Contractual Properties,Unsupervised Classification
S2469,Anomaly Detection in Public Procurements using the Open Contracting Data Standard,M. E. K. Niessen; J. M. Paciello; J. I. P. Fernandez,-,Percentage increase in value,,Protests Resolved in Favor of Protestant,Bidding or Contractual Properties,Unsupervised Classification
S2469,Anomaly Detection in Public Procurements using the Open Contracting Data Standard,M. E. K. Niessen; J. M. Paciello; J. I. P. Fernandez,-,Percentage of time elapsed from the beginning of the contract until the modification of the contract,,Protests Resolved in Favor of Protestant,Bidding or Contractual Properties,Unsupervised Classification
S2469,Anomaly Detection in Public Procurements using the Open Contracting Data Standard,M. E. K. Niessen; J. M. Paciello; J. I. P. Fernandez,-,Periods between important dates,,Prediction of Complaints,Bidding or Contractual Properties,Unsupervised Classification
S2469,Anomaly Detection in Public Procurements using the Open Contracting Data Standard,M. E. K. Niessen; J. M. Paciello; J. I. P. Fernandez,-,Percentage increase in value,,Prediction of Complaints,Bidding or Contractual Properties,Unsupervised Classification
S2469,Anomaly Detection in Public Procurements using the Open Contracting Data Standard,M. E. K. Niessen; J. M. Paciello; J. I. P. Fernandez,-,Percentage of time elapsed from the beginning of the contract until the modification of the contract,,Prediction of Complaints,Bidding or Contractual Properties,Unsupervised Classification
S1645,Assessing collusion risks in managing construction projects using artificial neural network,"Shan, Ming, et al.",-,Perception of misuse of prequalification requirements (definition of custom requirements to suit preferred bidder),-,Collusion Risk,Bidding or Contractual Properties,Regression
S1645,Assessing collusion risks in managing construction projects using artificial neural network,"Shan, Ming, et al.",-,"Perception of the leakage of Information by the customer (for example, prices for other bidders)",-,Collusion Risk,Bidding or Contractual Properties,Regression
S1645,Assessing collusion risks in managing construction projects using artificial neural network,"Shan, Ming, et al.",-,Perception of possible inflation in the price of bids by bidders in exchange for benefits,-,Collusion Risk,Bidding or Contractual Properties,Regression
S1645,Assessing collusion risks in managing construction projects using artificial neural network,"Shan, Ming, et al.",-,Perception about the bid being false (pre-select a contractor and call bidders to comply with legal requirements),-,Collusion Risk,Bidding or Contractual Properties,Regression
S1645,Assessing collusion risks in managing construction projects using artificial neural network,"Shan, Ming, et al.",-,Perception of interventions in bid evaluation (when an organization intervenes in bid evaluation and helps its preferred bidder),-,Collusion Risk,Bidding or Contractual Properties,Regression
S1645,Assessing collusion risks in managing construction projects using artificial neural network,"Shan, Ming, et al.",-,Perception of possible illegal division of a large project (divide a large project into several smaller ones and deliver them directly to your preferred bidder without the proper bidding process),-,Collusion Risk,Bidding or Contractual Properties,Regression
S1645,Assessing collusion risks in managing construction projects using artificial neural network,"Shan, Ming, et al.",-,Perception of the absence of competition (approval and award of a contract without a necessary bidding procedure),-,Collusion Risk,Bidding or Contractual Properties,Regression
S1645,Assessing collusion risks in managing construction projects using artificial neural network,"Shan, Ming, et al.",-,Perception of partiality in the evaluation of the proposal (illegal competitive advantages in the evaluation of the proposal given by evaluating members),-,Collusion Risk,Bidding or Contractual Properties,Regression
S1645,Assessing collusion risks in managing construction projects using artificial neural network,"Shan, Ming, et al.",-,Perception of possible false declarations of qualification certificates (if a contractor has illegally provided certificates of a qualified contractor to participate in the bidding process),-,Collusion Risk,Bidding or Contractual Properties,Regression
S1645,Assessing collusion risks in managing construction projects using artificial neural network,"Shan, Ming, et al.",-,Perception of collusive bidding (bidders who help one of them win the contract according to an agreement),-,Collusion Risk,Bidding or Contractual Properties,Regression
S1645,Assessing collusion risks in managing construction projects using artificial neural network,"Shan, Ming, et al.",-,Perception of collusive agreements where bidder with the most competitive price helps another bidder to win the contract by giving up on it,-,Collusion Risk,Bidding or Contractual Properties,Regression
S1645,Assessing collusion risks in managing construction projects using artificial neural network,"Shan, Ming, et al.",-,Bid Adviser's Perception of Information Leakage (Bid Adviser leaks vital information to other bidders),-,Collusion Risk,Bidding or Contractual Properties,Regression
S1645,Assessing collusion risks in managing construction projects using artificial neural network,"Shan, Ming, et al.",-,Perception of failures in supervision (irregularities in project construction are ignored by the supervisory team),-,Collusion Risk,Bidding or Contractual Properties,Regression
S1645,Assessing collusion risks in managing construction projects using artificial neural network,"Shan, Ming, et al.",-,Percepção sobre a existência de obras certificadas falsamente como concluídas,-,Collusion Risk,Bidding or Contractual Properties,Regression
S1645,Assessing collusion risks in managing construction projects using artificial neural network,"Shan, Ming, et al.",-,"Perception of unnecessary change orders (to gain extra profits in construction, contractor bribes designers to add changes)",-,Collusion Risk,Bidding or Contractual Properties,Regression
S1645,Assessing collusion risks in managing construction projects using artificial neural network,"Shan, Ming, et al.",-,Perception of the existence of changes where the contractor bribes the contracted party to accept change requests,-,Collusion Risk,Bidding or Contractual Properties,Regression
S1645,Assessing collusion risks in managing construction projects using artificial neural network,"Shan, Ming, et al.",-,Perception of improper appointment of a supplier (a supplier negotiates with the client to be appointed as the project supplier),-,Collusion Risk,Bidding or Contractual Properties,Regression
S1645,Assessing collusion risks in managing construction projects using artificial neural network,"Shan, Ming, et al.",-,Insight into project design manipulation to benefit a particular supplier,-,Collusion Risk,Bidding or Contractual Properties,Regression
S1645,Assessing collusion risks in managing construction projects using artificial neural network,"Shan, Ming, et al.",-,Perception of the use of unqualified materials (unqualified construction materials are provided and used pursuant to agreements between the supplier and the contractor),-,Collusion Risk,Bidding or Contractual Properties,Regression
S1645,Assessing collusion risks in managing construction projects using artificial neural network,"Shan, Ming, et al.",-,Material Price Inflation Perception,-,Collusion Risk,Bidding or Contractual Properties,Regression
S2473,A Text Classification Model to Identify Performance Bonds Requirement in Public Bidding Notices,Urias Cruz da CunhaRicardo Silva CarvalhoAlexandre Zaghetto,-,Contract description,Term frequency and term frequency-inverse document frequency,Identification of Bid Notices in Need of Guarantee,Bidding or Contractual Properties,Classification
S1613,Preventing rather than Punishing: An Early Warning Model of Malfeasance in Public Procurement,"J Gallego, G Rivero, JD Martínez",-,Execution time,,Additives Forecast,Bidding or Contractual Properties,Classification
S1613,Preventing rather than Punishing: An Early Warning Model of Malfeasance in Public Procurement,"J Gallego, G Rivero, JD Martínez",-,Time before the next election,,Additives Forecast,Political Activity,Classification
S1613,Preventing rather than Punishing: An Early Warning Model of Malfeasance in Public Procurement,"J Gallego, G Rivero, JD Martínez",-,Estimated total value or award price,,Additives Forecast,Bidding or Contractual Properties,Classification
S1613,Preventing rather than Punishing: An Early Warning Model of Malfeasance in Public Procurement,"J Gallego, G Rivero, JD Martínez",-,Month signed,Month signed,Additives Forecast,Bidding or Contractual Properties,Classification
S1613,Preventing rather than Punishing: An Early Warning Model of Malfeasance in Public Procurement,"J Gallego, G Rivero, JD Martínez",-,Waiting period,,Additives Forecast,Bidding or Contractual Properties,Classification
S1613,Preventing rather than Punishing: An Early Warning Model of Malfeasance in Public Procurement,"J Gallego, G Rivero, JD Martínez",-,State,"Departamento Bogota, antioquia, etc",Additives Forecast,Geographical Activity,Classification
S1613,Preventing rather than Punishing: An Early Warning Model of Malfeasance in Public Procurement,"J Gallego, G Rivero, JD Martínez",-,Contract area,,Additives Forecast,Bidding or Contractual Properties,Classification
S1613,Preventing rather than Punishing: An Early Warning Model of Malfeasance in Public Procurement,"J Gallego, G Rivero, JD Martínez",-,Waiting period,,Fraud or Corruption Detection,Bidding or Contractual Properties,Classification
S1613,Preventing rather than Punishing: An Early Warning Model of Malfeasance in Public Procurement,"J Gallego, G Rivero, JD Martínez",-,Municipality,Municipal level 6,Fraud or Corruption Detection,Geographical Activity,Classification
S1613,Preventing rather than Punishing: An Early Warning Model of Malfeasance in Public Procurement,"J Gallego, G Rivero, JD Martínez",-,Time before the next election,,Fraud or Corruption Detection,Political Activity,Classification
S1613,Preventing rather than Punishing: An Early Warning Model of Malfeasance in Public Procurement,"J Gallego, G Rivero, JD Martínez",-,State,"Departamento Bogota, antioquia, etc",Fraud or Corruption Detection,Geographical Activity,Classification
S1613,Preventing rather than Punishing: An Early Warning Model of Malfeasance in Public Procurement,"J Gallego, G Rivero, JD Martínez",-,Execution time,,Fraud or Corruption Detection,Bidding or Contractual Properties,Classification
S1613,Preventing rather than Punishing: An Early Warning Model of Malfeasance in Public Procurement,"J Gallego, G Rivero, JD Martínez",-,Estimated total value or award price,,Fraud or Corruption Detection,Bidding or Contractual Properties,Classification
S1613,Preventing rather than Punishing: An Early Warning Model of Malfeasance in Public Procurement,"J Gallego, G Rivero, JD Martínez",-,Waiting period,,Fraud or Corruption Detection,Bidding or Contractual Properties,Classification
S1613,Preventing rather than Punishing: An Early Warning Model of Malfeasance in Public Procurement,"J Gallego, G Rivero, JD Martínez",-,Contract area,,Fraud or Corruption Detection,Bidding or Contractual Properties,Classification
S1613,Preventing rather than Punishing: An Early Warning Model of Malfeasance in Public Procurement,"J Gallego, G Rivero, JD Martínez",-,Estimated total value or award price,,Risk of Contractual Failure,Bidding or Contractual Properties,Classification
S1613,Preventing rather than Punishing: An Early Warning Model of Malfeasance in Public Procurement,"J Gallego, G Rivero, JD Martínez",-,Execution time,,Risk of Contractual Failure,Bidding or Contractual Properties,Classification
S1613,Preventing rather than Punishing: An Early Warning Model of Malfeasance in Public Procurement,"J Gallego, G Rivero, JD Martínez",-,Contract area,,Risk of Contractual Failure,Bidding or Contractual Properties,Classification
S1613,Preventing rather than Punishing: An Early Warning Model of Malfeasance in Public Procurement,"J Gallego, G Rivero, JD Martínez",-,State,"Departamento Bogota, antioquia, etc",Risk of Contractual Failure,Geographical Activity,Classification
S1613,Preventing rather than Punishing: An Early Warning Model of Malfeasance in Public Procurement,"J Gallego, G Rivero, JD Martínez",-,Contract area,,Risk of Contractual Failure,Bidding or Contractual Properties,Classification
S1613,Preventing rather than Punishing: An Early Warning Model of Malfeasance in Public Procurement,"J Gallego, G Rivero, JD Martínez",-,Waiting period,,Risk of Contractual Failure,Bidding or Contractual Properties,Classification
S1613,Preventing rather than Punishing: An Early Warning Model of Malfeasance in Public Procurement,"J Gallego, G Rivero, JD Martínez",-,Execution time,,Risk of Contractual Failure,Bidding or Contractual Properties,Classification
S1613,Preventing rather than Punishing: An Early Warning Model of Malfeasance in Public Procurement,"J Gallego, G Rivero, JD Martínez",-,Type of contract,Contract type buy/sell,Risk of Contractual Failure,Bidding or Contractual Properties,Classification
S2981,Cost forecasting of public construction projects using multilayer perceptron artificial neural networks: a case study,"Pessoa, Alcineide; Sousa, Gean; Furtado Maués, Luiz Maurício; Campos Alvarenga, Felipe; Santos, Débora de Gois;",-,Contract value,-,Cost Estimate,Bidding or Contractual Properties,Regression
S2981,Cost forecasting of public construction projects using multilayer perceptron artificial neural networks: a case study,"Pessoa, Alcineide; Sousa, Gean; Furtado Maués, Luiz Maurício; Campos Alvarenga, Felipe; Santos, Débora de Gois;",-,Work budget,-,Cost Estimate,Work Attributes,Regression
S2981,Cost forecasting of public construction projects using multilayer perceptron artificial neural networks: a case study,"Pessoa, Alcineide; Sousa, Gean; Furtado Maués, Luiz Maurício; Campos Alvarenga, Felipe; Santos, Débora de Gois;",-,Inspection number,-,Cost Estimate,Work Attributes,Regression
S2981,Cost forecasting of public construction projects using multilayer perceptron artificial neural networks: a case study,"Pessoa, Alcineide; Sousa, Gean; Furtado Maués, Luiz Maurício; Campos Alvarenga, Felipe; Santos, Débora de Gois;",-,Area esimated time,-,Cost Estimate,Work Attributes,Regression
S2981,Cost forecasting of public construction projects using multilayer perceptron artificial neural networks: a case study,"Pessoa, Alcineide; Sousa, Gean; Furtado Maués, Luiz Maurício; Campos Alvarenga, Felipe; Santos, Débora de Gois;",-,Total cost of work,-,Cost Estimate,Work Attributes,Regression
S3045,Machine methods learning for the classification of the corruption risk by addition in the procurement of public works through bidding. Case study in Colombia,"Pedroza, Fidelina I Villa;",-,Contract End Date: Scheduled completion date of the contract.,-,Additives Forecast,Bidding or Contractual Properties,Classification
S3045,Machine methods learning for the classification of the corruption risk by addition in the procurement of public works through bidding. Case study in Colombia,"Pedroza, Fidelina I Villa;",-,"Contracting Mode: The method used for contracting, such as public bidding.",-,Additives Forecast,Bidding or Contractual Properties,Classification
S3045,Machine methods learning for the classification of the corruption risk by addition in the procurement of public works through bidding. Case study in Colombia,"Pedroza, Fidelina I Villa;",-,Contract Term: The duration of the contract from start to finish.,-,Additives Forecast,Bidding or Contractual Properties,Classification
S3045,Machine methods learning for the classification of the corruption risk by addition in the procurement of public works through bidding. Case study in Colombia,"Pedroza, Fidelina I Villa;",-,Environmental Obligation: Conditions related to environmental protection in the contract.,-,Additives Forecast,Bidding or Contractual Properties,Classification
S3045,Machine methods learning for the classification of the corruption risk by addition in the procurement of public works through bidding. Case study in Colombia,"Pedroza, Fidelina I Villa;",-,Value Pending Execution: The monetary value of work yet to be completed under the contract.,-,Additives Forecast,Bidding or Contractual Properties,Classification
S3045,Machine methods learning for the classification of the corruption risk by addition in the procurement of public works through bidding. Case study in Colombia,"Pedroza, Fidelina I Villa;",-,Expenditure Destination: The specific purpose of the allocated funds in the contract.,-,Additives Forecast,Bidding or Contractual Properties,Classification
S3045,Machine methods learning for the classification of the corruption risk by addition in the procurement of public works through bidding. Case study in Colombia,"Pedroza, Fidelina I Villa;",-,Validity Balance: The remaining budget available for the contract within a fiscal year.,-,Additives Forecast,Bidding or Contractual Properties,Classification
S3045,Machine methods learning for the classification of the corruption risk by addition in the procurement of public works through bidding. Case study in Colombia,"Pedroza, Fidelina I Villa;",-,Advance Payment Enabled: Indicates if advance payments are allowed under the contract.,-,Additives Forecast,Bidding or Contractual Properties,Classification
S3045,Machine methods learning for the classification of the corruption risk by addition in the procurement of public works through bidding. Case study in Colombia,"Pedroza, Fidelina I Villa;",-,Supplier Document: Legal documentation related to the supplier or contractor.,-,Additives Forecast,Company Attributes,Classification
S3045,Machine methods learning for the classification of the corruption risk by addition in the procurement of public works through bidding. Case study in Colombia,"Pedroza, Fidelina I Villa;",-,Contracts per Supplier: The number of contracts awarded to a particular supplier.,-,Additives Forecast,Company Attributes,Classification
S3045,Machine methods learning for the classification of the corruption risk by addition in the procurement of public works through bidding. Case study in Colombia,"Pedroza, Fidelina I Villa;",-,Municipality: The local government area where the contract is executed.,-,Additives Forecast,Geographical Activity,Classification
S3045,Machine methods learning for the classification of the corruption risk by addition in the procurement of public works through bidding. Case study in Colombia,"Pedroza, Fidelina I Villa;",-,Entity: The government or public institution responsible for issuing the contract.,-,Additives Forecast,Political Activity,Classification
S3045,Machine methods learning for the classification of the corruption risk by addition in the procurement of public works through bidding. Case study in Colombia,"Pedroza, Fidelina I Villa;",-,"Number of Categories: The number of categories related to the contract, possibly indicating types of work or services.",-,Additives Forecast,Work Attributes,Classification
S3045,Machine methods learning for the classification of the corruption risk by addition in the procurement of public works through bidding. Case study in Colombia,"Pedroza, Fidelina I Villa;",-,Environmental Obligation: Requirements linked to environmental sustainability in the contract.,-,Additives Forecast,Climate Factors,Classification
S3045,Machine methods learning for the classification of the corruption risk by addition in the procurement of public works through bidding. Case study in Colombia,"Pedroza, Fidelina I Villa;",-,"ITEP: Typically involves technical or procedural aspects in contracts, though not specified.",-,Additives Forecast,Profile of Participation in Bids and Contracts,Classification
S3062,AI Applied to the Analysis of the Contracts of the Italian Public Administrations,"Nai, Roberto; Fatima, Ishrat; Morina, Gabriele; Sulis, Emilio; Genga, Laura; Meo, Rosa; Pasteris, Paolo;",-,"CIG (Codice Identificativo Gara): A unique alphanumeric identifier for each public procurement process in Italy, tracking and analyzing individual cases.",-,Bid Recommendation System,Profile of Participation in Bids and Contracts,Regression
S3062,AI Applied to the Analysis of the Contracts of the Italian Public Administrations,"Nai, Roberto; Fatima, Ishrat; Morina, Gabriele; Sulis, Emilio; Genga, Laura; Meo, Rosa; Pasteris, Paolo;",-,"EO participant (Operador Econômico participante): Represents economic entities bidding for public contracts, indicating the entities involved in the bidding process.",-,Bid Recommendation System,Profile of Participation in Bids and Contracts,Regression
S3062,AI Applied to the Analysis of the Contracts of the Italian Public Administrations,"Nai, Roberto; Fatima, Ishrat; Morina, Gabriele; Sulis, Emilio; Genga, Laura; Meo, Rosa; Pasteris, Paolo;",-,"EO winner (Operador Econômico vencedor): The entity selected to fulfill the contract, useful for analyzing winning patterns and the likelihood of legal appeals.",-,Bid Recommendation System,Profile of Participation in Bids and Contracts,Regression
S3062,AI Applied to the Analysis of the Contracts of the Italian Public Administrations,"Nai, Roberto; Fatima, Ishrat; Morina, Gabriele; Sulis, Emilio; Genga, Laura; Meo, Rosa; Pasteris, Paolo;",-,"PA (Public Administration): The government entity or department conducting the procurement, with varying contracting procedures and levels of legal disputes.",-,Bid Recommendation System,Bidding or Contractual Properties,Regression
S3062,AI Applied to the Analysis of the Contracts of the Italian Public Administrations,"Nai, Roberto; Fatima, Ishrat; Morina, Gabriele; Sulis, Emilio; Genga, Laura; Meo, Rosa; Pasteris, Paolo;",-,"Region/Court: The administrative region or court jurisdiction associated with the public procurement, affecting contracting practices and legal jurisprudence.",-,Bid Recommendation System,Geographical Activity,Regression
S3062,AI Applied to the Analysis of the Contracts of the Italian Public Administrations,"Nai, Roberto; Fatima, Ishrat; Morina, Gabriele; Sulis, Emilio; Genga, Laura; Meo, Rosa; Pasteris, Paolo;",-,"CIG (Codice Identificativo Gara): A unique alphanumeric identifier for each public procurement process in Italy, tracking and analyzing individual cases.",-,Legal Recourse Prediction,Profile of Participation in Bids and Contracts,Classification
S3062,AI Applied to the Analysis of the Contracts of the Italian Public Administrations,"Nai, Roberto; Fatima, Ishrat; Morina, Gabriele; Sulis, Emilio; Genga, Laura; Meo, Rosa; Pasteris, Paolo;",-,"EO participant (Operador Econômico participante): Represents economic entities bidding for public contracts, indicating the entities involved in the bidding process.",-,Legal Recourse Prediction,Profile of Participation in Bids and Contracts,Classification
S3062,AI Applied to the Analysis of the Contracts of the Italian Public Administrations,"Nai, Roberto; Fatima, Ishrat; Morina, Gabriele; Sulis, Emilio; Genga, Laura; Meo, Rosa; Pasteris, Paolo;",-,"EO winner (Operador Econômico vencedor): The entity selected to fulfill the contract, useful for analyzing winning patterns and the likelihood of legal appeals.",-,Legal Recourse Prediction,Profile of Participation in Bids and Contracts,Classification
S3062,AI Applied to the Analysis of the Contracts of the Italian Public Administrations,"Nai, Roberto; Fatima, Ishrat; Morina, Gabriele; Sulis, Emilio; Genga, Laura; Meo, Rosa; Pasteris, Paolo;",-,"PA (Public Administration): The government entity or department conducting the procurement, with varying contracting procedures and levels of legal disputes.",-,Legal Recourse Prediction,Bidding or Contractual Properties,Classification
S3062,AI Applied to the Analysis of the Contracts of the Italian Public Administrations,"Nai, Roberto; Fatima, Ishrat; Morina, Gabriele; Sulis, Emilio; Genga, Laura; Meo, Rosa; Pasteris, Paolo;",-,"Region/Court: The administrative region or court jurisdiction associated with the public procurement, affecting contracting practices and legal jurisprudence.",-,Legal Recourse Prediction,Geographical Activity,Classification
S3080,Risk-informed prediction of dredging project duration using stochastic machine learning,"Chou, Jui-Sheng; Lin, Ji-Wei;",-,"Average price of soil and gravel: The average selling price per unit weight of soil and gravel, derived from total sales.",-,Execution Time Estimation,Work Attributes,Regression
S3080,Risk-informed prediction of dredging project duration using stochastic machine learning,"Chou, Jui-Sheng; Lin, Ji-Wei;",-,Total dredging volume: The overall volume of materials planned to be dredged in the project.,-,Execution Time Estimation,Work Attributes,Regression
S3080,Risk-informed prediction of dredging project duration using stochastic machine learning,"Chou, Jui-Sheng; Lin, Ji-Wei;",-,Total tender cost: The aggregated cost forecasted or incurred for the dredging project.,-,Execution Time Estimation,Work Attributes,Regression
S3080,Risk-informed prediction of dredging project duration using stochastic machine learning,"Chou, Jui-Sheng; Lin, Ji-Wei;",-,Total setting and maintenance cost of transport roads: Expenses related to establishing and maintaining transport roads necessary for the project.,-,Execution Time Estimation,Work Attributes,Regression
S3080,Risk-informed prediction of dredging project duration using stochastic machine learning,"Chou, Jui-Sheng; Lin, Ji-Wei;",-,"Amounts of sand, gravel, and soil: Proportions of these materials in the river, indicating the geographical availability of dredging materials.",-,Execution Time Estimation,Work Attributes,Regression
S3080,Risk-informed prediction of dredging project duration using stochastic machine learning,"Chou, Jui-Sheng; Lin, Ji-Wei;",-,Number of rainfall days: The average count of days experiencing rainfall in each basin during the project duration.,-,Execution Time Estimation,Climate Factors,Regression
S3107,"Bidders Recommender for Public Procurement Auctions Using Machine Learning: Data Analysis, Algorithm, and Case Study with Tenders from Spain","Rodrıguez, Manuel J Garcıa; Montequın, Vicente Rodrıguez; Fernández, Francisco Ortega; Balsera, Joaquın M Villanueva;",-,Procedure_code: Code identifying the tendering procedure. This refers to the formal rules governing the tender process.,-,Bidders Recommendation,Bidding or Contractual Properties,Regression
S3107,"Bidders Recommender for Public Procurement Auctions Using Machine Learning: Data Analysis, Algorithm, and Case Study with Tenders from Spain","Rodrıguez, Manuel J Garcıa; Montequın, Vicente Rodrıguez; Fernández, Francisco Ortega; Balsera, Joaquın M Villanueva;",-,"Subtype_code: Code for tender subtype, indicating specific characteristics or requirements of the tender.",-,Bidders Recommendation,Bidding or Contractual Properties,Regression
S3107,"Bidders Recommender for Public Procurement Auctions Using Machine Learning: Data Analysis, Algorithm, and Case Study with Tenders from Spain","Rodrıguez, Manuel J Garcıa; Montequın, Vicente Rodrıguez; Fernández, Francisco Ortega; Balsera, Joaquın M Villanueva;",-,"Tender_Price: The budgeted cost of the tender, outlining financial parameters.",-,Bidders Recommendation,Bidding or Contractual Properties,Regression
S3107,"Bidders Recommender for Public Procurement Auctions Using Machine Learning: Data Analysis, Algorithm, and Case Study with Tenders from Spain","Rodrıguez, Manuel J Garcıa; Montequın, Vicente Rodrıguez; Fernández, Francisco Ortega; Balsera, Joaquın M Villanueva;",-,"Duration: Expected duration of the contract, defining the time frame for project completion.",-,Bidders Recommendation,Bidding or Contractual Properties,Regression
S3107,"Bidders Recommender for Public Procurement Auctions Using Machine Learning: Data Analysis, Algorithm, and Case Study with Tenders from Spain","Rodrıguez, Manuel J Garcıa; Montequın, Vicente Rodrıguez; Fernández, Francisco Ortega; Balsera, Joaquın M Villanueva;",-,"CPV: Common Procurement Vocabulary code indicating the type of goods or services, classifying the procurement's nature.",-,Bidders Recommendation,Bidding or Contractual Properties,Regression
S3107,"Bidders Recommender for Public Procurement Auctions Using Machine Learning: Data Analysis, Algorithm, and Case Study with Tenders from Spain","Rodrıguez, Manuel J Garcıa; Montequın, Vicente Rodrıguez; Fernández, Francisco Ortega; Balsera, Joaquın M Villanueva;",-,"CCAA, Province, Municipality: Detailed geographical location where the tender is issued.",-,Bidders Recommendation,Geographical Activity,Regression
S3107,"Bidders Recommender for Public Procurement Auctions Using Machine Learning: Data Analysis, Algorithm, and Case Study with Tenders from Spain","Rodrıguez, Manuel J Garcıa; Montequın, Vicente Rodrıguez; Fernández, Francisco Ortega; Balsera, Joaquın M Villanueva;",-,"Latitude, Longitude: Geospatial coordinates pinpointing the precise location of the tender.",-,Bidders Recommendation,Geographical Activity,Regression
S3107,"Bidders Recommender for Public Procurement Auctions Using Machine Learning: Data Analysis, Algorithm, and Case Study with Tenders from Spain","Rodrıguez, Manuel J Garcıa; Montequın, Vicente Rodrıguez; Fernández, Francisco Ortega; Balsera, Joaquın M Villanueva;",-,"Name_Organisation: Name of the organisation issuing the tender, potentially linked to political entities or activities depending on the organization's nature and governance.",-,Bidders Recommendation,Political Activity,Regression
S3115,Machine learning-based prediction models for budget forecast in capital construction,"Ghimire, Prashnna; Pokharel, Sudan; Kim, Kyungki; Barutha, Philip;",-,"Project category (industrial, infrastructure, building): Identifies the type of project (industrial, infrastructure, or building), which reflects the specific sector or industry involved.",-,Cost Estimate,Work Attributes,Regression
S3115,Machine learning-based prediction models for budget forecast in capital construction,"Ghimire, Prashnna; Pokharel, Sudan; Kim, Kyungki; Barutha, Philip;",-,"Project phase (design, procurement, construction): Specifies the current phase of the project, indicating whether it is in the design, procurement, or construction stage.",-,Cost Estimate,Bidding or Contractual Properties,Regression
S3115,Machine learning-based prediction models for budget forecast in capital construction,"Ghimire, Prashnna; Pokharel, Sudan; Kim, Kyungki; Barutha, Philip;",-,"Total schedule changes (number of days the project is ahead or behind schedule): Measures the total number of days by which a project's timeline has deviated from the original schedule, either advancing or delaying.",-,Cost Estimate,Bidding or Contractual Properties,Regression
S3115,Machine learning-based prediction models for budget forecast in capital construction,"Ghimire, Prashnna; Pokharel, Sudan; Kim, Kyungki; Barutha, Philip;",-,"Total budget changes (amount the project is over or under budget): Indicates the total financial deviation from the initially planned budget, showing whether the project is over or under the planned expenses.",-,Cost Estimate,Bidding or Contractual Properties,Regression
S3116,Forecasting construction cost using artificial neural network for road projects in the department of public works and highways region XI,"Gante, Donna Ville; Silva, Dante L; Leopoldo, Meriam P;",-,Facilities for the Engineers: Quantitative continuous; measured by construction and maintenance cost or built area.,-,Cost Estimate,Work Attributes,Regression
S3116,Forecasting construction cost using artificial neural network for road projects in the department of public works and highways region XI,"Gante, Donna Ville; Silva, Dante L; Leopoldo, Meriam P;",-,Earthwork: Quantitative continuous; measured by the volume of earth moved (cubic meters) or associated cost.,-,Cost Estimate,Work Attributes,Regression
S3116,Forecasting construction cost using artificial neural network for road projects in the department of public works and highways region XI,"Gante, Donna Ville; Silva, Dante L; Leopoldo, Meriam P;",-,Sub-base and Base Course: Quantitative continuous; measured by the thickness of these layers (meters or centimeters) or total implementation cost.,-,Cost Estimate,Work Attributes,Regression
S3116,Forecasting construction cost using artificial neural network for road projects in the department of public works and highways region XI,"Gante, Donna Ville; Silva, Dante L; Leopoldo, Meriam P;",-,Surface Courses: Quantitative continuous; measured by the thickness of paving layers and associated costs.,-,Cost Estimate,Work Attributes,Regression
S3116,Forecasting construction cost using artificial neural network for road projects in the department of public works and highways region XI,"Gante, Donna Ville; Silva, Dante L; Leopoldo, Meriam P;",-,Drainage: Quantitative continuous; measured by total length of the drainage system implemented (meters) or total cost.,-,Cost Estimate,Work Attributes,Regression
S3116,Forecasting construction cost using artificial neural network for road projects in the department of public works and highways region XI,"Gante, Donna Ville; Silva, Dante L; Leopoldo, Meriam P;",-,Slope Protection: Quantitative continuous; measured by the cost of protection measures or the extent of the protected area (square meters).,-,Cost Estimate,Work Attributes,Regression
S3116,Forecasting construction cost using artificial neural network for road projects in the department of public works and highways region XI,"Gante, Donna Ville; Silva, Dante L; Leopoldo, Meriam P;",-,Other General Requirement: Quantitative continuous; evaluated in terms of total cost needed to meet these general requirements throughout the project.,-,Cost Estimate,Bidding or Contractual Properties,Regression
S3126,Identificação automática de conluio em pregões do Comprasnet com aprendizado de máquina,"Souza, Rodrigo Vilela Fonseca de;",-,Código do Item Licitado (ipgI20tem): Unique identifier for each item that was the subject of bidding.,-,Collusion Risk,Bidding or Contractual Properties,Classification
S3126,Identificação automática de conluio em pregões do Comprasnet com aprendizado de máquina,"Souza, Rodrigo Vilela Fonseca de;",-,Valor do Lance (lanValor): The price proposed by the company for the item in each bid.,-,Collusion Risk,Bidding or Contractual Properties,Classification
S3126,Identificação automática de conluio em pregões do Comprasnet com aprendizado de máquina,"Souza, Rodrigo Vilela Fonseca de;",-,Data do Lance (lanData): The date on which each bid was made.,-,Collusion Risk,Bidding or Contractual Properties,Classification
S3126,Identificação automática de conluio em pregões do Comprasnet com aprendizado de máquina,"Souza, Rodrigo Vilela Fonseca de;",-,Valor Estimado (ipgValorRef): The price estimated by the bidding agency for the auctioned item.,-,Collusion Risk,Bidding or Contractual Properties,Classification
S3126,Identificação automática de conluio em pregões do Comprasnet com aprendizado de máquina,"Souza, Rodrigo Vilela Fonseca de;",-,Diferença do Valor Estimado e Valor do Lance (Difference_Bid_PTE): The difference between the estimated value of the item and the bid value.,-,Collusion Risk,Bidding or Contractual Properties,Classification
S3126,Identificação automática de conluio em pregões do Comprasnet com aprendizado de máquina,"Souza, Rodrigo Vilela Fonseca de;",-,Lance Vencedor (Winner): Indicates if the bid was the winning one for the item.,-,Collusion Risk,Bidding or Contractual Properties,Classification
S3126,Identificação automática de conluio em pregões do Comprasnet com aprendizado de máquina,"Souza, Rodrigo Vilela Fonseca de;",-,Quantidade Licitada (ipgQuantidade): Quantity of the item being bid on.,-,Collusion Risk,Bidding or Contractual Properties,Classification
S3126,Identificação automática de conluio em pregões do Comprasnet com aprendizado de máquina,"Souza, Rodrigo Vilela Fonseca de;",-,Número de Lances: Count of bids for each auctioned item.,-,Collusion Risk,Bidding or Contractual Properties,Classification
S3126,Identificação automática de conluio em pregões do Comprasnet com aprendizado de máquina,"Souza, Rodrigo Vilela Fonseca de;",-,"Escore de Especificidade (ESPECIF): Indicates how specific a purchased item is, based on how many times it has been bid on in other auctions.",-,Collusion Risk,Profile of Participation in Bids and Contracts,Classification
S3126,Identificação automática de conluio em pregões do Comprasnet com aprendizado de máquina,"Souza, Rodrigo Vilela Fonseca de;",-,Escore de Frequência (FREQ): Represents the frequency with which the winning company of an item has also won in auctions of the same type of purchase.,-,Collusion Risk,Profile of Participation in Bids and Contracts,Classification
S3126,Identificação automática de conluio em pregões do Comprasnet com aprendizado de máquina,"Souza, Rodrigo Vilela Fonseca de;",-,Coefficient of Variation (CV): Ratio between the standard deviation of bids and the average bids for the item.,-,Collusion Risk,Bidding or Contractual Properties,Classification
S3126,Identificação automática de conluio em pregões do Comprasnet com aprendizado de máquina,"Souza, Rodrigo Vilela Fonseca de;",-,"Spread (SPD): Measures the dispersion of bids, calculated as the difference between the highest and lowest bid, divided by the lowest bid.",-,Collusion Risk,Bidding or Contractual Properties,Classification
S3126,Identificação automática de conluio em pregões do Comprasnet com aprendizado de máquina,"Souza, Rodrigo Vilela Fonseca de;",-,Difference between the two lowest bids (DIFFP): Relative difference between the two lowest bids for the item.,-,Collusion Risk,Bidding or Contractual Properties,Classification
S3126,Identificação automática de conluio em pregões do Comprasnet com aprendizado de máquina,"Souza, Rodrigo Vilela Fonseca de;",-,"Relative Distance (RD): An alternative index to DIFFP, using the standard deviation of non-winning bids instead of the lowest bid.",-,Collusion Risk,Bidding or Contractual Properties,Classification
S3126,Identificação automática de conluio em pregões do Comprasnet com aprendizado de máquina,"Souza, Rodrigo Vilela Fonseca de;",-,"Skewness (SKEW): Measure of the asymmetric distribution of bids, indicating whether there is a tendency for bids to concentrate above or below the average.",-,Collusion Risk,Bidding or Contractual Properties,Classification
S3126,Identificação automática de conluio em pregões do Comprasnet com aprendizado de máquina,"Souza, Rodrigo Vilela Fonseca de;",-,"Excess Kurtosis (KURT): Indicates the concentration of bid values around the average, requiring at least four bids for calculation.",-,Collusion Risk,Bidding or Contractual Properties,Classification
S3126,Identificação automática de conluio em pregões do Comprasnet com aprendizado de máquina,"Souza, Rodrigo Vilela Fonseca de;",-,Kolmogorov-Smirnov test (KSTEST): Tests the similarity of bid values to a uniform distribution.,-,Collusion Risk,Bidding or Contractual Properties,Classification
S3126,Identificação automática de conluio em pregões do Comprasnet com aprendizado de máquina,"Souza, Rodrigo Vilela Fonseca de;",-,Total de Lances (LANC): Total number of bids submitted in the competition for an item.,-,Collusion Risk,Bidding or Contractual Properties,Classification
S3126,Identificação automática de conluio em pregões do Comprasnet com aprendizado de máquina,"Souza, Rodrigo Vilela Fonseca de;",-,Quantidade (QUANT): Quantity of the item to be purchased.,-,Collusion Risk,Bidding or Contractual Properties,Classification
S3131,TÉCNICAS DE ESTIMATIVA DE CUSTO DE OBRA: DO ORÇAMENTO PARAMÉTRICO AO MACHINE LEARNING,"DOS SANTOS, LAYNIE MELLO VIEIRA;",-,Total internal intervention areas: Measures the internal areas that will be affected or modified during the construction project.,-,Cost Estimate,Work Attributes,Regression
S3131,TÉCNICAS DE ESTIMATIVA DE CUSTO DE OBRA: DO ORÇAMENTO PARAMÉTRICO AO MACHINE LEARNING,"DOS SANTOS, LAYNIE MELLO VIEIRA;",-,Total external intervention areas: Measures the external areas impacted by the project.,-,Cost Estimate,Work Attributes,Regression
S3131,TÉCNICAS DE ESTIMATIVA DE CUSTO DE OBRA: DO ORÇAMENTO PARAMÉTRICO AO MACHINE LEARNING,"DOS SANTOS, LAYNIE MELLO VIEIRA;",-,"Type of construction work: Classifies the project as Construction, Renovation, or Retrofit.",-,Cost Estimate,Work Attributes,Regression
S3131,TÉCNICAS DE ESTIMATIVA DE CUSTO DE OBRA: DO ORÇAMENTO PARAMÉTRICO AO MACHINE LEARNING,"DOS SANTOS, LAYNIE MELLO VIEIRA;",-,"Number of occurrences of specific words: Counts specific words chosen from the budget item descriptions, after a text standardization process that excludes punctuation, short words, and common Portuguese words (e.g., ""para"", ""com"").",-,Cost Estimate,Bidding or Contractual Properties,Regression